{"cameraMode":{"drawMode":0,"name":"Shaded","section":"Shading Mode"},"sceneLighting":true,"audioPlay":false,"sceneViewState":{"showFog":false,"showMaterialUpdate":false,"showSkybox":false,"showFlares":false,"showImageEffects":false,"showParticleSystems":false},"in2DMode":false,"pivot":{"x":17.76618766784668,"y":16.07791519165039,"z":-8.680193901062012},"rotation":{"x":-0.0193904060870409,"y":0.9634745717048645,"z":0.2570171654224396,"w":0.07268821448087692},"size":16.958812713623048,"orthographic":false}